,NUC RETROAMBIGUALIS,caudal VRG,VENTRAL RESPIRATORY GROUP,NUC TRACTUS SOLITARIUS,"POSTPYRAMIDAL NUCLEUS, RAPHE",MEDIAL PARABRACHIAL NUCLEUS,LATERAL PARABRACHIAL NUCLEUS,KOLLIKER-FUSE NUC,PONTINE RESPIRATORY GROUP,RETROTRAPEZOID NUCLEUS/PARAFACIAL NUCLEUS,PRE-BOTZINGER COMPLEX,BOTZINGER COMPLEX,NUC AMBIGUUS,Paraventricular nucleus,Thalamus,Hypothalamus,Locus coeruleus,Periaqueductal gray,Amygdala,"Superior salivary, lacrimal nucleus ",Dorsal motor nucleus of vagal nerve,Retrofacial nucleus,Phrenic/vagus nerve,,,,,,
vestibular and superior laryngeal nerves,1,0,0,0,0,0,0,0,0,0,0,0,0,0,0,0,0,0,0,0,0,0,,,,,,,
PRE-BOTZINGER COMPLEX,0,0,1,1,0,0,0,0,1,0,1,1,1,0,0,0,0,0,0,0,0,0,1,,,,,,
BOTZINGER COMPLEX,0,1,1,1,1,0,0,1,1,0,1,1,1,0,0,0,0,0,0,0,0,0,0,,,,,,
medial tegmental field,1,0,0,0,0,0,0,0,0,0,0,0,0,0,0,0,0,0,0,0,0,0,0,,,,,,
NUC TRACTUS SOLITARIUS,1,0,0,1,1,1,1,1,1,1,1,1,1,1,0,0,1,1,1,1,1,0,0,,,,,,
NUC AMBIGUUS,0,0,1,1,0,0,0,0,0,0,1,1,1,0,0,0,0,0,0,0,0,1,0,,,,,,
periaqueductal gray,1,1,0,0,0,0,0,0,0,0,0,0,0,0,0,0,0,0,0,0,0,0,0,,,,,,
periambigual region,0,0,0,0,0,0,0,0,0,0,0,0,0,0,0,0,0,0,0,0,0,0,0,,,,,,
RETROTRAPEZOID NUCLEUS/PARAFACIAL NUCLEUS,0,1,1,1,0,0,1,1,1,0,1,1,0,0,0,1,0,0,1,0,0,0,0,,,,,,
VENTRAL RESPIRATORY GROUP,0,0,1,1,1,0,0,0,1,1,1,1,1,0,0,0,0,0,0,0,0,0,0,,,,,,
rostral VRG,0,0,0,0,0,0,0,0,0,0,0,0,0,0,0,0,0,0,0,0,0,0,0,,,,,,
caudal VRG,0,0,0,0,0,0,0,0,0,0,0,0,1,0,0,0,0,0,0,0,0,0,0,,,,,,
NUC RETROAMBIGUALIS,0,0,0,0,0,0,0,0,0,0,0,0,0,0,0,0,0,0,0,0,0,0,0,,,,,,
"POSTPYRAMIDAL NUCLEUS, RAPHE",0,0,1,1,1,0,0,0,0,0,0,1,0,0,0,0,0,0,0,0,0,0,0,,,,,,
MEDIAL PARABRACHIAL NUCLEUS,0,0,0,1,0,0,0,0,0,0,0,0,0,0,1,0,0,0,0,0,0,0,0,,,,,,
LATERAL PARABRACHIAL NUCLEUS,0,0,0,1,0,0,0,0,0,0,0,0,0,0,0,1,0,0,0,0,0,0,0,,,,,,
KOLLIKER-FUSE NUC,0,0,0,0,0,0,0,0,0,0,0,0,0,0,0,0,0,0,0,0,0,0,0,,,,,,
PONTINE RESPIRATORY GROUP,0,0,1,0,0,0,0,0,1,0,1,1,0,0,0,0,0,0,0,0,0,0,0,,,,,,
Inferior section of precentral gyrus,0,0,0,1,0,0,0,0,0,0,0,0,1,0,0,0,0,0,0,0,0,0,0,,,,,,
Sacral dorsal horn,0,0,0,1,0,0,0,0,0,0,0,0,0,0,0,0,0,0,0,0,0,0,0,,,,,,
Hypothalamus; paraventricular nucleus,0,0,0,0,0,0,0,0,0,0,0,0,1,0,0,0,0,0,0,0,0,0,0,,,,,,
